Model,MAE,R2
Random Forest,9.682567701201886,0.3454055716149178
Gradient Boosting,9.977390605829664,0.315049926230198
Neural Network,10.765917778015137,0.21117138862609863
